-- =============================================================================
--  City / Zone Teleporter
--  TrinityCore 3.3.5  (TDB 25101 world schema)
--
--  Destination list originally from StygianTheBest's PersonalTeleporter
--  (AzerothCore-Content project). Rebuilt from scratch as a native TrinityCore
--  gossip teleporter (the original relied on an AzerothCore-only core script).
--  Rebuilt for TrinityCore 3.3.5 by Iceymidgit.
--
--  'Portal Keeper' (entry 604001): 131 teleport destinations with gossip-page
--  navigation. Dungeons omitted on purpose — use the in-game LFG tool.
-- =============================================================================

USE world;

DELETE FROM `creature_template` WHERE `entry`=604001;
INSERT INTO `creature_template`
 (`entry`,`modelid1`,`name`,`subname`,`IconName`,`gossip_menu_id`,`minlevel`,`maxlevel`,
  `faction`,`npcflag`,`scale`,`unit_class`,`type`,`RegenHealth`,`flags_extra`,`AIName`)
VALUES
 (604001,27320,'Portal Keeper','Teleporter','Speak',50000,80,80,35,1,1.25,1,7,1,2,'SmartAI');

DELETE FROM `npc_text` WHERE `ID`=50000;
INSERT INTO `npc_text` (`ID`,`text0_0`,`text0_1`,`Probability0`) VALUES
 (50000,'Where would you like to travel?','Where would you like to travel?',1);

DELETE FROM `gossip_menu` WHERE `MenuID` BETWEEN 50000 AND 50008;
INSERT INTO `gossip_menu` (`MenuID`,`TextID`,`VerifiedBuild`) VALUES (50000,50000,0),(50001,50000,0),(50002,50000,0),(50003,50000,0),(50004,50000,0),(50005,50000,0),(50006,50000,0),(50007,50000,0),(50008,50000,0);

DELETE FROM `gossip_menu_option` WHERE `MenuID` BETWEEN 50000 AND 50008;
INSERT INTO `gossip_menu_option`
 (`MenuID`,`OptionID`,`OptionIcon`,`OptionText`,`OptionBroadcastTextID`,`OptionType`,`OptionNpcFlag`,`ActionMenuID`,`ActionPoiID`,`BoxCoded`,`BoxMoney`,`BoxText`,`BoxBroadcastTextID`,`VerifiedBuild`)
VALUES
(50000,1,2,'Stormwind',0,1,1,0,0,0,0,'',0,0),
(50000,2,2,'Orgrimmar',0,1,1,0,0,0,0,'',0,0),
(50000,3,2,'Darnassus',0,1,1,0,0,0,0,'',0,0),
(50000,4,2,'Ironforge',0,1,1,0,0,0,0,'',0,0),
(50000,5,2,'The Exodar',0,1,1,0,0,0,0,'',0,0),
(50000,6,2,'Thunder Bluff',0,1,1,0,0,0,0,'',0,0),
(50000,7,2,'Undercity',0,1,1,0,0,0,0,'',0,0),
(50000,8,2,'Silvermoon City',0,1,1,0,0,0,0,'',0,0),
(50000,9,2,'Dalaran',0,1,1,0,0,0,0,'',0,0),
(50000,10,2,'Shattrath City',0,1,1,0,0,0,0,'',0,0),
(50000,11,2,'Booty Bay',0,1,1,0,0,0,0,'',0,0),
(50000,12,2,'Gurubashi Arena',0,1,1,0,0,0,0,'',0,0),
(50000,13,4,'Next destinations »',0,1,1,50001,0,0,0,'',0,0),
(50001,0,2,'Eastern Kingdoms — Spot 1',0,1,1,0,0,0,0,'',0,0),
(50001,1,2,'Eastern Kingdoms — Spot 2',0,1,1,0,0,0,0,'',0,0),
(50001,2,2,'Stormwind',0,1,1,0,0,0,0,'',0,0),
(50001,3,2,'Orgrimmar',0,1,1,0,0,0,0,'',0,0),
(50001,4,2,'Kalimdor — Spot 1',0,1,1,0,0,0,0,'',0,0),
(50001,5,2,'Kalimdor — Spot 2',0,1,1,0,0,0,0,'',0,0),
(50001,6,2,'Eastern Kingdoms — Spot 3',0,1,1,0,0,0,0,'',0,0),
(50001,7,2,'Eastern Kingdoms — Spot 4',0,1,1,0,0,0,0,'',0,0),
(50001,8,2,'Kalimdor — Spot 3',0,1,1,0,0,0,0,'',0,0),
(50001,9,2,'Kalimdor — Spot 4',0,1,1,0,0,0,0,'',0,0),
(50001,10,2,'Eastern Kingdoms — Spot 5',0,1,1,0,0,0,0,'',0,0),
(50001,11,2,'Eastern Kingdoms — Spot 6',0,1,1,0,0,0,0,'',0,0),
(50001,12,2,'Theramore',0,1,1,0,0,0,0,'',0,0),
(50001,13,2,'Kalimdor — Spot 5',0,1,1,0,0,0,0,'',0,0),
(50001,14,2,'Eastern Kingdoms — Spot 7',0,1,1,0,0,0,0,'',0,0),
(50001,15,2,'Eastern Kingdoms — Spot 8',0,1,1,0,0,0,0,'',0,0),
(50001,16,2,'Eastern Kingdoms — Spot 9',0,1,1,0,0,0,0,'',0,0),
(50001,17,2,'Eastern Kingdoms — Spot 10',0,1,1,0,0,0,0,'',0,0),
(50001,18,2,'Kalimdor — Spot 6',0,1,1,0,0,0,0,'',0,0),
(50001,19,4,'Next destinations »',0,1,1,50002,0,0,0,'',0,0),
(50001,20,4,'« Back to start',0,1,1,50000,0,0,0,'',0,0),
(50002,0,2,'Outland — Spot 1',0,1,1,0,0,0,0,'',0,0),
(50002,1,2,'Kalimdor — Spot 7',0,1,1,0,0,0,0,'',0,0),
(50002,2,2,'Outland — Spot 2',0,1,1,0,0,0,0,'',0,0),
(50002,3,2,'Outland — Spot 3',0,1,1,0,0,0,0,'',0,0),
(50002,4,2,'Outland — Spot 4',0,1,1,0,0,0,0,'',0,0),
(50002,5,2,'Outland — Spot 5',0,1,1,0,0,0,0,'',0,0),
(50002,6,4,'Next destinations »',0,1,1,50003,0,0,0,'',0,0),
(50002,7,4,'« Back to start',0,1,1,50000,0,0,0,'',0,0),
(50003,0,2,'Northrend — Spot 1',0,1,1,0,0,0,0,'',0,0),
(50003,1,2,'Kalimdor — Spot 8',0,1,1,0,0,0,0,'',0,0),
(50003,2,2,'Northrend — Spot 2',0,1,1,0,0,0,0,'',0,0),
(50003,3,2,'Northrend — Spot 3',0,1,1,0,0,0,0,'',0,0),
(50003,4,2,'Northrend — Spot 4',0,1,1,0,0,0,0,'',0,0),
(50003,5,2,'Northrend — Spot 5',0,1,1,0,0,0,0,'',0,0),
(50003,6,2,'Northrend — Spot 6',0,1,1,0,0,0,0,'',0,0),
(50003,7,2,'Dalaran',0,1,1,0,0,0,0,'',0,0),
(50003,8,2,'Northrend — Spot 7',0,1,1,0,0,0,0,'',0,0),
(50003,9,2,'Northrend — Spot 8',0,1,1,0,0,0,0,'',0,0),
(50003,10,2,'Northrend — Spot 9',0,1,1,0,0,0,0,'',0,0),
(50003,11,2,'Northrend — Spot 10',0,1,1,0,0,0,0,'',0,0),
(50003,12,4,'Next destinations »',0,1,1,50004,0,0,0,'',0,0),
(50003,13,4,'« Back to start',0,1,1,50000,0,0,0,'',0,0),
(50004,0,2,'Outland — Spot 6',0,1,1,0,0,0,0,'',0,0),
(50004,1,2,'Blackrock Spire — Spot 1',0,1,1,0,0,0,0,'',0,0),
(50004,2,2,'Kalimdor — Spot 9',0,1,1,0,0,0,0,'',0,0),
(50004,3,2,'Outland — Spot 7',0,1,1,0,0,0,0,'',0,0),
(50004,4,2,'Northrend — Spot 11',0,1,1,0,0,0,0,'',0,0),
(50004,5,2,'Outland — Spot 8',0,1,1,0,0,0,0,'',0,0),
(50004,6,2,'Outland — Spot 9',0,1,1,0,0,0,0,'',0,0),
(50004,7,2,'Northrend — Spot 12',0,1,1,0,0,0,0,'',0,0),
(50004,8,2,'Eastern Kingdoms — Spot 11',0,1,1,0,0,0,0,'',0,0),
(50004,9,2,'Blackrock Depths — Spot 1',0,1,1,0,0,0,0,'',0,0),
(50004,10,2,'Northrend — Spot 13',0,1,1,0,0,0,0,'',0,0),
(50004,11,2,'Kalimdor — Spot 10',0,1,1,0,0,0,0,'',0,0),
(50004,12,2,'Kalimdor — Spot 11',0,1,1,0,0,0,0,'',0,0),
(50004,13,2,'Outland — Spot 10',0,1,1,0,0,0,0,'',0,0),
(50004,14,2,'Outland — Spot 11',0,1,1,0,0,0,0,'',0,0),
(50004,15,2,'Kalimdor — Spot 12',0,1,1,0,0,0,0,'',0,0),
(50004,16,2,'Northrend — Spot 14',0,1,1,0,0,0,0,'',0,0),
(50004,17,2,'Northrend — Spot 15',0,1,1,0,0,0,0,'',0,0),
(50004,18,2,'Northrend — Spot 16',0,1,1,0,0,0,0,'',0,0),
(50004,19,2,'Northrend — Spot 17',0,1,1,0,0,0,0,'',0,0),
(50004,21,2,'Eastern Kingdoms — Spot 12',0,1,1,0,0,0,0,'',0,0),
(50004,22,2,'Outland — Spot 12',0,1,1,0,0,0,0,'',0,0),
(50004,23,4,'Next destinations »',0,1,1,50005,0,0,0,'',0,0),
(50004,24,4,'« Back to start',0,1,1,50000,0,0,0,'',0,0),
(50005,0,2,'Eastern Kingdoms — Spot 13',0,1,1,0,0,0,0,'',0,0),
(50005,1,2,'Outland — Spot 13',0,1,1,0,0,0,0,'',0,0),
(50005,2,2,'Eastern Kingdoms — Spot 14',0,1,1,0,0,0,0,'',0,0),
(50005,3,2,'Eastern Kingdoms — Spot 15',0,1,1,0,0,0,0,'',0,0),
(50005,4,2,'Outland — Spot 14',0,1,1,0,0,0,0,'',0,0),
(50005,5,2,'Eastern Kingdoms — Spot 16',0,1,1,0,0,0,0,'',0,0),
(50005,6,2,'Eastern Kingdoms — Spot 17',0,1,1,0,0,0,0,'',0,0),
(50005,7,2,'Eastern Kingdoms — Spot 18',0,1,1,0,0,0,0,'',0,0),
(50005,8,2,'Eastern Kingdoms — Spot 19',0,1,1,0,0,0,0,'',0,0),
(50005,9,2,'Eastern Kingdoms — Spot 20',0,1,1,0,0,0,0,'',0,0),
(50005,10,2,'Eastern Kingdoms — Spot 21',0,1,1,0,0,0,0,'',0,0),
(50005,11,2,'Eastern Kingdoms — Spot 22',0,1,1,0,0,0,0,'',0,0),
(50005,12,2,'Eastern Kingdoms — Spot 23',0,1,1,0,0,0,0,'',0,0),
(50005,13,2,'Eastern Kingdoms — Spot 24',0,1,1,0,0,0,0,'',0,0),
(50005,14,2,'Eastern Kingdoms — Spot 25',0,1,1,0,0,0,0,'',0,0),
(50005,15,2,'Eastern Kingdoms — Spot 26',0,1,1,0,0,0,0,'',0,0),
(50005,16,2,'Eastern Kingdoms — Spot 27',0,1,1,0,0,0,0,'',0,0),
(50005,17,2,'Eastern Kingdoms — Spot 28',0,1,1,0,0,0,0,'',0,0),
(50005,18,2,'Eastern Kingdoms — Spot 29',0,1,1,0,0,0,0,'',0,0),
(50005,19,2,'Eastern Kingdoms — Spot 30',0,1,1,0,0,0,0,'',0,0),
(50005,20,2,'Eastern Kingdoms — Spot 31',0,1,1,0,0,0,0,'',0,0),
(50005,21,2,'Eastern Kingdoms — Spot 32',0,1,1,0,0,0,0,'',0,0),
(50005,22,2,'Light''s Hope Chapel',0,1,1,0,0,0,0,'',0,0),
(50005,23,2,'Outland — Spot 15',0,1,1,0,0,0,0,'',0,0),
(50005,24,4,'Next destinations »',0,1,1,50006,0,0,0,'',0,0),
(50005,25,4,'« Back to start',0,1,1,50000,0,0,0,'',0,0),
(50006,0,2,'Outland — Spot 16',0,1,1,0,0,0,0,'',0,0),
(50006,1,2,'Kalimdor — Spot 13',0,1,1,0,0,0,0,'',0,0),
(50006,2,2,'Kalimdor — Spot 14',0,1,1,0,0,0,0,'',0,0),
(50006,3,2,'Kalimdor — Spot 15',0,1,1,0,0,0,0,'',0,0),
(50006,4,2,'Outland — Spot 17',0,1,1,0,0,0,0,'',0,0),
(50006,5,2,'Kalimdor — Spot 16',0,1,1,0,0,0,0,'',0,0),
(50006,6,2,'Kalimdor — Spot 17',0,1,1,0,0,0,0,'',0,0),
(50006,7,2,'Kalimdor — Spot 18',0,1,1,0,0,0,0,'',0,0),
(50006,8,2,'Kalimdor — Spot 19',0,1,1,0,0,0,0,'',0,0),
(50006,9,2,'Kalimdor — Spot 20',0,1,1,0,0,0,0,'',0,0),
(50006,10,2,'Kalimdor — Spot 21',0,1,1,0,0,0,0,'',0,0),
(50006,11,2,'Kalimdor — Spot 22',0,1,1,0,0,0,0,'',0,0),
(50006,12,2,'Kalimdor — Spot 23',0,1,1,0,0,0,0,'',0,0),
(50006,13,2,'Kalimdor — Spot 24',0,1,1,0,0,0,0,'',0,0),
(50006,14,2,'Kalimdor — Spot 25',0,1,1,0,0,0,0,'',0,0),
(50006,15,2,'Kalimdor — Spot 26',0,1,1,0,0,0,0,'',0,0),
(50006,16,2,'Kalimdor — Spot 27',0,1,1,0,0,0,0,'',0,0),
(50006,17,2,'Kalimdor — Spot 28',0,1,1,0,0,0,0,'',0,0),
(50006,18,2,'Kalimdor — Spot 29',0,1,1,0,0,0,0,'',0,0),
(50006,19,4,'Next destinations »',0,1,1,50007,0,0,0,'',0,0),
(50006,20,4,'« Back to start',0,1,1,50000,0,0,0,'',0,0),
(50007,0,2,'Outland — Spot 18',0,1,1,0,0,0,0,'',0,0),
(50007,1,2,'Outland — Spot 19',0,1,1,0,0,0,0,'',0,0),
(50007,2,2,'Outland — Spot 20',0,1,1,0,0,0,0,'',0,0),
(50007,3,2,'Outland — Spot 21',0,1,1,0,0,0,0,'',0,0),
(50007,4,2,'Outland — Spot 22',0,1,1,0,0,0,0,'',0,0),
(50007,5,2,'Outland — Spot 23',0,1,1,0,0,0,0,'',0,0),
(50007,6,2,'Outland — Spot 24',0,1,1,0,0,0,0,'',0,0),
(50007,7,4,'Next destinations »',0,1,1,50008,0,0,0,'',0,0),
(50007,8,4,'« Back to start',0,1,1,50000,0,0,0,'',0,0),
(50008,0,2,'Northrend — Spot 18',0,1,1,0,0,0,0,'',0,0),
(50008,1,2,'Northrend — Spot 19',0,1,1,0,0,0,0,'',0,0),
(50008,2,2,'Northrend — Spot 20',0,1,1,0,0,0,0,'',0,0),
(50008,3,2,'Northrend — Spot 21',0,1,1,0,0,0,0,'',0,0),
(50008,4,2,'Northrend — Spot 22',0,1,1,0,0,0,0,'',0,0),
(50008,5,2,'Northrend — Spot 23',0,1,1,0,0,0,0,'',0,0),
(50008,6,2,'Northrend — Spot 24',0,1,1,0,0,0,0,'',0,0),
(50008,7,2,'Northrend — Spot 25',0,1,1,0,0,0,0,'',0,0),
(50008,8,2,'Northrend — Spot 26',0,1,1,0,0,0,0,'',0,0),
(50008,9,2,'Northrend — Spot 27',0,1,1,0,0,0,0,'',0,0),
(50008,11,4,'« Back to start',0,1,1,50000,0,0,0,'',0,0);

DELETE FROM `smart_scripts` WHERE `entryorguid`=604001 AND `source_type`=0;
INSERT INTO `smart_scripts`
 (`entryorguid`,`source_type`,`id`,`link`,`event_type`,`event_phase_mask`,`event_chance`,`event_flags`,`event_param1`,`event_param2`,`event_param3`,`event_param4`,`event_param5`,`action_type`,`action_param1`,`action_param2`,`action_param3`,`action_param4`,`action_param5`,`action_param6`,`target_type`,`target_param1`,`target_param2`,`target_param3`,`target_param4`,`target_x`,`target_y`,`target_z`,`target_o`,`comment`)
VALUES
(604001,0,1,0,62,0,100,0,50000,1,0,0,0,62,0,0,0,0,0,0,8,0,0,0,0,-8842.0900,626.3580,94.0867,3.6136,'Teleport: Stormwind'),
(604001,0,2,0,62,0,100,0,50000,2,0,0,0,62,1,0,0,0,0,0,8,0,0,0,0,1601.0800,-4378.6900,9.9846,2.1436,'Teleport: Orgrimmar'),
(604001,0,3,0,62,0,100,0,50000,3,0,0,0,62,1,0,0,0,0,0,8,0,0,0,0,9869.9100,2493.5800,1315.8800,2.7890,'Teleport: Darnassus'),
(604001,0,4,0,62,0,100,0,50000,4,0,0,0,62,0,0,0,0,0,0,8,0,0,0,0,-4900.4700,-962.5850,501.4550,5.4054,'Teleport: Ironforge'),
(604001,0,5,0,62,0,100,0,50000,5,0,0,0,62,530,0,0,0,0,0,8,0,0,0,0,-3864.9200,-11643.7000,-137.6440,5.5086,'Teleport: The Exodar'),
(604001,0,6,0,62,0,100,0,50000,6,0,0,0,62,1,0,0,0,0,0,8,0,0,0,0,-1274.4500,71.8601,128.1590,2.8062,'Teleport: Thunder Bluff'),
(604001,0,7,0,62,0,100,0,50000,7,0,0,0,62,0,0,0,0,0,0,8,0,0,0,0,1633.7500,240.1670,-43.1034,6.2613,'Teleport: Undercity'),
(604001,0,8,0,62,0,100,0,50000,8,0,0,0,62,530,0,0,0,0,0,8,0,0,0,0,9738.2800,-7454.1900,13.5605,0.0439,'Teleport: Silvermoon City'),
(604001,0,9,0,62,0,100,0,50000,9,0,0,0,62,571,0,0,0,0,0,8,0,0,0,0,5809.5500,503.9750,657.5260,2.3834,'Teleport: Dalaran'),
(604001,0,10,0,62,0,100,0,50000,10,0,0,0,62,530,0,0,0,0,0,8,0,0,0,0,-1887.6200,5359.0900,-12.4279,4.4043,'Teleport: Shattrath City'),
(604001,0,11,0,62,0,100,0,50000,11,0,0,0,62,0,0,0,0,0,0,8,0,0,0,0,-14281.9000,552.5640,8.9042,0.8601,'Teleport: Booty Bay'),
(604001,0,12,0,62,0,100,0,50000,12,0,0,0,62,0,0,0,0,0,0,8,0,0,0,0,-13181.8000,339.3560,42.9805,1.1801,'Teleport: Gurubashi Arena'),
(604001,0,13,0,62,0,100,0,50001,0,0,0,0,62,0,0,0,0,0,0,8,0,0,0,0,-5163.5400,925.4230,257.1810,1.5742,'Teleport: Eastern Kingdoms — Spot 1'),
(604001,0,14,0,62,0,100,0,50001,1,0,0,0,62,0,0,0,0,0,0,8,0,0,0,0,-11209.6000,1666.5400,24.6974,1.4205,'Teleport: Eastern Kingdoms — Spot 2'),
(604001,0,15,0,62,0,100,0,50001,2,0,0,0,62,0,0,0,0,0,0,8,0,0,0,0,-8799.1500,832.7180,97.6348,6.0408,'Teleport: Stormwind'),
(604001,0,16,0,62,0,100,0,50001,3,0,0,0,62,1,0,0,0,0,0,8,0,0,0,0,1811.7800,-4410.5000,-18.4704,5.2016,'Teleport: Orgrimmar'),
(604001,0,17,0,62,0,100,0,50001,4,0,0,0,62,1,0,0,0,0,0,8,0,0,0,0,-4657.3000,-2519.3500,81.0529,4.5481,'Teleport: Kalimdor — Spot 1'),
(604001,0,18,0,62,0,100,0,50001,5,0,0,0,62,1,0,0,0,0,0,8,0,0,0,0,-4470.2800,-1677.7700,81.3925,1.1630,'Teleport: Kalimdor — Spot 2'),
(604001,0,19,0,62,0,100,0,50001,6,0,0,0,62,0,0,0,0,0,0,8,0,0,0,0,2873.1500,-764.5230,160.3320,5.1045,'Teleport: Eastern Kingdoms — Spot 3'),
(604001,0,20,0,62,0,100,0,50001,7,0,0,0,62,0,0,0,0,0,0,8,0,0,0,0,-234.6750,1561.6300,76.8921,1.2403,'Teleport: Eastern Kingdoms — Spot 4'),
(604001,0,21,0,62,0,100,0,50001,8,0,0,0,62,1,0,0,0,0,0,8,0,0,0,0,-731.6070,-2218.3900,17.0281,2.7849,'Teleport: Kalimdor — Spot 3'),
(604001,0,22,0,62,0,100,0,50001,9,0,0,0,62,1,0,0,0,0,0,8,0,0,0,0,4249.9900,740.1020,-25.6710,1.3406,'Teleport: Kalimdor — Spot 4'),
(604001,0,23,0,62,0,100,0,50001,10,0,0,0,62,0,0,0,0,0,0,8,0,0,0,0,-7179.3400,-921.2120,165.8210,5.0960,'Teleport: Eastern Kingdoms — Spot 5'),
(604001,0,24,0,62,0,100,0,50001,11,0,0,0,62,0,0,0,0,0,0,8,0,0,0,0,-7527.0500,-1226.7700,285.7320,5.2963,'Teleport: Eastern Kingdoms — Spot 6'),
(604001,0,25,0,62,0,100,0,50001,12,0,0,0,62,1,0,0,0,0,0,8,0,0,0,0,-3520.1400,1119.3800,161.0250,4.7045,'Teleport: Theramore'),
(604001,0,26,0,62,0,100,0,50001,13,0,0,0,62,1,0,0,0,0,0,8,0,0,0,0,-1421.4200,2907.8300,137.4150,1.7072,'Teleport: Kalimdor — Spot 5'),
(604001,0,27,0,62,0,100,0,50001,14,0,0,0,62,0,0,0,0,0,0,8,0,0,0,0,1269.6400,-2556.2100,93.6088,0.6206,'Teleport: Eastern Kingdoms — Spot 7'),
(604001,0,28,0,62,0,100,0,50001,15,0,0,0,62,0,0,0,0,0,0,8,0,0,0,0,3352.9200,-3379.0300,144.7820,6.2598,'Teleport: Eastern Kingdoms — Spot 8'),
(604001,0,29,0,62,0,100,0,50001,16,0,0,0,62,0,0,0,0,0,0,8,0,0,0,0,-10177.9000,-3994.9000,-111.2390,6.0188,'Teleport: Eastern Kingdoms — Spot 9'),
(604001,0,30,0,62,0,100,0,50001,17,0,0,0,62,0,0,0,0,0,0,8,0,0,0,0,-6071.3700,-2955.1600,209.7820,0.0157,'Teleport: Eastern Kingdoms — Spot 10'),
(604001,0,31,0,62,0,100,0,50001,18,0,0,0,62,1,0,0,0,0,0,8,0,0,0,0,-6801.1900,-2893.0200,9.0039,0.1586,'Teleport: Kalimdor — Spot 6'),
(604001,0,32,0,62,0,100,0,50002,0,0,0,0,62,530,0,0,0,0,0,8,0,0,0,0,-3324.4900,4943.4500,-101.2390,4.6390,'Teleport: Outland — Spot 1'),
(604001,0,33,0,62,0,100,0,50002,1,0,0,0,62,1,0,0,0,0,0,8,0,0,0,0,-8369.6500,-4253.1100,-204.2720,-2.7053,'Teleport: Kalimdor — Spot 7'),
(604001,0,34,0,62,0,100,0,50002,2,0,0,0,62,530,0,0,0,0,0,8,0,0,0,0,738.8650,6865.7700,-69.4659,6.2766,'Teleport: Outland — Spot 2'),
(604001,0,35,0,62,0,100,0,50002,3,0,0,0,62,530,0,0,0,0,0,8,0,0,0,0,-347.2900,3089.8200,21.3940,5.6811,'Teleport: Outland — Spot 3'),
(604001,0,36,0,62,0,100,0,50002,4,0,0,0,62,530,0,0,0,0,0,8,0,0,0,0,12884.6000,-7317.6900,65.5023,4.7990,'Teleport: Outland — Spot 4'),
(604001,0,37,0,62,0,100,0,50002,5,0,0,0,62,530,0,0,0,0,0,8,0,0,0,0,3100.4800,1536.4900,190.3000,4.6223,'Teleport: Outland — Spot 5'),
(604001,0,38,0,62,0,100,0,50003,0,0,0,0,62,571,0,0,0,0,0,8,0,0,0,0,3707.8600,2150.2300,36.7600,3.2200,'Teleport: Northrend — Spot 1'),
(604001,0,39,0,62,0,100,0,50003,1,0,0,0,62,1,0,0,0,0,0,8,0,0,0,0,-8756.3900,-4440.6800,-199.4890,4.6629,'Teleport: Kalimdor — Spot 8'),
(604001,0,40,0,62,0,100,0,50003,2,0,0,0,62,571,0,0,0,0,0,8,0,0,0,0,8590.9500,791.7920,558.2350,3.1313,'Teleport: Northrend — Spot 2'),
(604001,0,41,0,62,0,100,0,50003,3,0,0,0,62,571,0,0,0,0,0,8,0,0,0,0,4765.5900,-2038.2400,229.3630,0.8876,'Teleport: Northrend — Spot 3'),
(604001,0,42,0,62,0,100,0,50003,4,0,0,0,62,571,0,0,0,0,0,8,0,0,0,0,6722.4400,-4640.6700,450.6320,3.9112,'Teleport: Northrend — Spot 4'),
(604001,0,43,0,62,0,100,0,50003,5,0,0,0,62,571,0,0,0,0,0,8,0,0,0,0,5643.1600,2028.8100,798.2740,4.6024,'Teleport: Northrend — Spot 5'),
(604001,0,44,0,62,0,100,0,50003,6,0,0,0,62,571,0,0,0,0,0,8,0,0,0,0,3782.8900,6965.2300,105.0880,6.1419,'Teleport: Northrend — Spot 6'),
(604001,0,45,0,62,0,100,0,50003,7,0,0,0,62,571,0,0,0,0,0,8,0,0,0,0,5693.0800,502.5880,652.6720,4.0229,'Teleport: Dalaran'),
(604001,0,46,0,62,0,100,0,50003,8,0,0,0,62,571,0,0,0,0,0,8,0,0,0,0,9136.5200,-1311.8100,1066.2900,5.1911,'Teleport: Northrend — Spot 7'),
(604001,0,47,0,62,0,100,0,50003,9,0,0,0,62,571,0,0,0,0,0,8,0,0,0,0,8922.1200,-1009.1600,1039.5600,1.5704,'Teleport: Northrend — Spot 8'),
(604001,0,48,0,62,0,100,0,50003,10,0,0,0,62,571,0,0,0,0,0,8,0,0,0,0,1203.4100,-4868.5900,41.2486,0.2832,'Teleport: Northrend — Spot 9'),
(604001,0,49,0,62,0,100,0,50003,11,0,0,0,62,571,0,0,0,0,0,8,0,0,0,0,1267.2400,-4857.3000,215.7640,3.2277,'Teleport: Northrend — Spot 10'),
(604001,0,50,0,62,0,100,0,50004,0,0,0,0,62,530,0,0,0,0,0,8,0,0,0,0,-3649.9200,317.4690,35.2827,2.9428,'Teleport: Outland — Spot 6'),
(604001,0,51,0,62,0,100,0,50004,1,0,0,0,62,229,0,0,0,0,0,8,0,0,0,0,152.4510,-474.8810,116.8400,0.0011,'Teleport: Blackrock Spire — Spot 1'),
(604001,0,52,0,62,0,100,0,50004,2,0,0,0,62,1,0,0,0,0,0,8,0,0,0,0,-8177.8900,-4181.2300,-167.5520,0.9133,'Teleport: Kalimdor — Spot 9'),
(604001,0,53,0,62,0,100,0,50004,3,0,0,0,62,530,0,0,0,0,0,8,0,0,0,0,797.8550,6865.7700,-65.4165,0.0059,'Teleport: Outland — Spot 7'),
(604001,0,54,0,62,0,100,0,50004,4,0,0,0,62,571,0,0,0,0,0,8,0,0,0,0,8515.6100,714.1530,558.2480,1.5775,'Teleport: Northrend — Spot 11'),
(604001,0,55,0,62,0,100,0,50004,5,0,0,0,62,530,0,0,0,0,0,8,0,0,0,0,3530.0600,5104.0800,3.5086,5.5112,'Teleport: Outland — Spot 8'),
(604001,0,56,0,62,0,100,0,50004,6,0,0,0,62,530,0,0,0,0,0,8,0,0,0,0,-336.4110,3130.4600,-102.9280,5.2032,'Teleport: Outland — Spot 9'),
(604001,0,57,0,62,0,100,0,50004,7,0,0,0,62,571,0,0,0,0,0,8,0,0,0,0,5855.2200,2102.0300,635.9910,3.5790,'Teleport: Northrend — Spot 12'),
(604001,0,58,0,62,0,100,0,50004,8,0,0,0,62,0,0,0,0,0,0,8,0,0,0,0,-11118.9000,-2010.3300,47.0819,0.6499,'Teleport: Eastern Kingdoms — Spot 11'),
(604001,0,59,0,62,0,100,0,50004,9,0,0,0,62,230,0,0,0,0,0,8,0,0,0,0,1126.6400,-459.9400,-102.5350,3.4609,'Teleport: Blackrock Depths — Spot 1'),
(604001,0,60,0,62,0,100,0,50004,10,0,0,0,62,571,0,0,0,0,0,8,0,0,0,0,3668.7200,-1262.4600,243.6220,4.7850,'Teleport: Northrend — Spot 13'),
(604001,0,61,0,62,0,100,0,50004,11,0,0,0,62,1,0,0,0,0,0,8,0,0,0,0,-4708.2700,-3727.6400,54.5589,3.7279,'Teleport: Kalimdor — Spot 10'),
(604001,0,62,0,62,0,100,0,50004,12,0,0,0,62,1,0,0,0,0,0,8,0,0,0,0,-8409.8200,1499.0600,27.7179,2.5187,'Teleport: Kalimdor — Spot 11'),
(604001,0,63,0,62,0,100,0,50004,13,0,0,0,62,530,0,0,0,0,0,8,0,0,0,0,12574.1000,-6774.8100,15.0904,3.1379,'Teleport: Outland — Spot 10'),
(604001,0,64,0,62,0,100,0,50004,14,0,0,0,62,530,0,0,0,0,0,8,0,0,0,0,3088.4900,1381.5700,184.8630,4.6197,'Teleport: Outland — Spot 11'),
(604001,0,65,0,62,0,100,0,50004,15,0,0,0,62,1,0,0,0,0,0,8,0,0,0,0,-8240.0900,1991.3200,129.0720,0.9416,'Teleport: Kalimdor — Spot 12'),
(604001,0,66,0,62,0,100,0,50004,16,0,0,0,62,571,0,0,0,0,0,8,0,0,0,0,3784.1700,7028.8400,161.2580,5.7999,'Teleport: Northrend — Spot 14'),
(604001,0,67,0,62,0,100,0,50004,17,0,0,0,62,571,0,0,0,0,0,8,0,0,0,0,3472.4300,264.9230,-120.1460,3.2792,'Teleport: Northrend — Spot 15'),
(604001,0,68,0,62,0,100,0,50004,18,0,0,0,62,571,0,0,0,0,0,8,0,0,0,0,9222.8800,-1113.5900,1216.1200,6.2755,'Teleport: Northrend — Spot 16'),
(604001,0,69,0,62,0,100,0,50004,19,0,0,0,62,571,0,0,0,0,0,8,0,0,0,0,5453.7200,2840.7900,421.2800,0.0000,'Teleport: Northrend — Spot 17'),
(604001,0,70,0,62,0,100,0,50004,21,0,0,0,62,0,0,0,0,0,0,8,0,0,0,0,-11916.7000,-1215.7200,92.2890,4.7245,'Teleport: Eastern Kingdoms — Spot 12'),
(604001,0,71,0,62,0,100,0,50004,22,0,0,0,62,530,0,0,0,0,0,8,0,0,0,0,6851.7800,-7972.5700,179.2420,4.6469,'Teleport: Outland — Spot 12'),
(604001,0,72,0,62,0,100,0,50005,0,0,0,0,62,0,0,0,0,0,0,8,0,0,0,0,-9449.0600,64.8392,56.3581,3.0705,'Teleport: Eastern Kingdoms — Spot 13'),
(604001,0,73,0,62,0,100,0,50005,1,0,0,0,62,530,0,0,0,0,0,8,0,0,0,0,9024.3700,-6682.5500,16.8973,3.1413,'Teleport: Outland — Spot 13'),
(604001,0,74,0,62,0,100,0,50005,2,0,0,0,62,0,0,0,0,0,0,8,0,0,0,0,-5603.7600,-482.7040,396.9800,5.2350,'Teleport: Eastern Kingdoms — Spot 14'),
(604001,0,75,0,62,0,100,0,50005,3,0,0,0,62,0,0,0,0,0,0,8,0,0,0,0,2274.9500,323.9180,34.1137,4.2437,'Teleport: Eastern Kingdoms — Spot 15'),
(604001,0,76,0,62,0,100,0,50005,4,0,0,0,62,530,0,0,0,0,0,8,0,0,0,0,7595.7300,-6819.6000,84.3718,2.5656,'Teleport: Outland — Spot 14'),
(604001,0,77,0,62,0,100,0,50005,5,0,0,0,62,0,0,0,0,0,0,8,0,0,0,0,-5405.8500,-2894.1500,341.9720,5.4824,'Teleport: Eastern Kingdoms — Spot 16'),
(604001,0,78,0,62,0,100,0,50005,6,0,0,0,62,0,0,0,0,0,0,8,0,0,0,0,505.1260,1504.6300,124.8080,1.7799,'Teleport: Eastern Kingdoms — Spot 17'),
(604001,0,79,0,62,0,100,0,50005,7,0,0,0,62,0,0,0,0,0,0,8,0,0,0,0,-10684.9000,1033.6300,32.5389,6.0738,'Teleport: Eastern Kingdoms — Spot 18'),
(604001,0,80,0,62,0,100,0,50005,8,0,0,0,62,0,0,0,0,0,0,8,0,0,0,0,-9447.8000,-2270.8500,71.8224,0.2839,'Teleport: Eastern Kingdoms — Spot 19'),
(604001,0,81,0,62,0,100,0,50005,9,0,0,0,62,0,0,0,0,0,0,8,0,0,0,0,-10531.7000,-1281.9100,38.8647,1.5696,'Teleport: Eastern Kingdoms — Spot 20'),
(604001,0,82,0,62,0,100,0,50005,10,0,0,0,62,0,0,0,0,0,0,8,0,0,0,0,-385.8050,-787.9540,54.6655,1.0393,'Teleport: Eastern Kingdoms — Spot 21'),
(604001,0,83,0,62,0,100,0,50005,11,0,0,0,62,0,0,0,0,0,0,8,0,0,0,0,-3517.7500,-913.4010,8.8663,2.6071,'Teleport: Eastern Kingdoms — Spot 22'),
(604001,0,84,0,62,0,100,0,50005,12,0,0,0,62,0,0,0,0,0,0,8,0,0,0,0,275.0490,-652.0440,130.2960,0.5020,'Teleport: Eastern Kingdoms — Spot 23'),
(604001,0,85,0,62,0,100,0,50005,13,0,0,0,62,0,0,0,0,0,0,8,0,0,0,0,-1581.4500,-2704.0600,35.4168,0.4904,'Teleport: Eastern Kingdoms — Spot 24'),
(604001,0,86,0,62,0,100,0,50005,14,0,0,0,62,0,0,0,0,0,0,8,0,0,0,0,-11921.7000,-59.5440,39.7262,3.7357,'Teleport: Eastern Kingdoms — Spot 25'),
(604001,0,87,0,62,0,100,0,50005,15,0,0,0,62,0,0,0,0,0,0,8,0,0,0,0,-6782.5600,-3128.1400,240.4800,5.6591,'Teleport: Eastern Kingdoms — Spot 26'),
(604001,0,88,0,62,0,100,0,50005,16,0,0,0,62,0,0,0,0,0,0,8,0,0,0,0,-10368.6000,-2731.3000,21.6537,5.2924,'Teleport: Eastern Kingdoms — Spot 27'),
(604001,0,89,0,62,0,100,0,50005,17,0,0,0,62,0,0,0,0,0,0,8,0,0,0,0,112.4060,-3929.7400,136.3580,0.9819,'Teleport: Eastern Kingdoms — Spot 28'),
(604001,0,90,0,62,0,100,0,50005,18,0,0,0,62,0,0,0,0,0,0,8,0,0,0,0,-6686.3300,-1198.5500,240.0270,0.9169,'Teleport: Eastern Kingdoms — Spot 29'),
(604001,0,91,0,62,0,100,0,50005,19,0,0,0,62,0,0,0,0,0,0,8,0,0,0,0,-11184.7000,-3019.3100,7.2924,3.2054,'Teleport: Eastern Kingdoms — Spot 30'),
(604001,0,92,0,62,0,100,0,50005,20,0,0,0,62,0,0,0,0,0,0,8,0,0,0,0,-7979.7800,-2105.7200,127.9190,5.1015,'Teleport: Eastern Kingdoms — Spot 31'),
(604001,0,93,0,62,0,100,0,50005,21,0,0,0,62,0,0,0,0,0,0,8,0,0,0,0,1743.6900,-1723.8600,59.6648,5.2372,'Teleport: Eastern Kingdoms — Spot 32'),
(604001,0,94,0,62,0,100,0,50005,22,0,0,0,62,0,0,0,0,0,0,8,0,0,0,0,2280.6400,-5275.0500,82.0166,4.7479,'Teleport: Light''s Hope Chapel'),
(604001,0,95,0,62,0,100,0,50005,23,0,0,0,62,530,0,0,0,0,0,8,0,0,0,0,12806.5000,-6911.1100,41.1156,2.2294,'Teleport: Outland — Spot 15'),
(604001,0,96,0,62,0,100,0,50006,0,0,0,0,62,530,0,0,0,0,0,8,0,0,0,0,-4192.6200,-12576.7000,36.7598,1.6281,'Teleport: Outland — Spot 16'),
(604001,0,97,0,62,0,100,0,50006,1,0,0,0,62,1,0,0,0,0,0,8,0,0,0,0,9889.0300,915.8690,1307.4300,1.9336,'Teleport: Kalimdor — Spot 13'),
(604001,0,98,0,62,0,100,0,50006,2,0,0,0,62,1,0,0,0,0,0,8,0,0,0,0,228.9780,-4741.8700,10.1027,0.4169,'Teleport: Kalimdor — Spot 14'),
(604001,0,99,0,62,0,100,0,50006,3,0,0,0,62,1,0,0,0,0,0,8,0,0,0,0,-2473.8700,-501.2250,-9.4246,0.6525,'Teleport: Kalimdor — Spot 15'),
(604001,0,100,0,62,0,100,0,50006,4,0,0,0,62,530,0,0,0,0,0,8,0,0,0,0,-2095.7000,-11841.1000,51.1557,6.1929,'Teleport: Outland — Spot 17'),
(604001,0,101,0,62,0,100,0,50006,5,0,0,0,62,1,0,0,0,0,0,8,0,0,0,0,6463.2500,683.9860,8.9279,4.3353,'Teleport: Kalimdor — Spot 16'),
(604001,0,102,0,62,0,100,0,50006,6,0,0,0,62,1,0,0,0,0,0,8,0,0,0,0,-575.7720,-2652.4500,95.6384,0.0065,'Teleport: Kalimdor — Spot 17'),
(604001,0,103,0,62,0,100,0,50006,7,0,0,0,62,1,0,0,0,0,0,8,0,0,0,0,1574.8900,1031.5700,137.4420,3.8013,'Teleport: Kalimdor — Spot 18'),
(604001,0,104,0,62,0,100,0,50006,8,0,0,0,62,1,0,0,0,0,0,8,0,0,0,0,1919.7700,-2169.6800,94.6729,6.1418,'Teleport: Kalimdor — Spot 19'),
(604001,0,105,0,62,0,100,0,50006,9,0,0,0,62,1,0,0,0,0,0,8,0,0,0,0,-5375.5300,-2509.2000,-40.4320,2.4188,'Teleport: Kalimdor — Spot 20'),
(604001,0,106,0,62,0,100,0,50006,10,0,0,0,62,1,0,0,0,0,0,8,0,0,0,0,-656.0560,1510.1200,88.3746,3.2955,'Teleport: Kalimdor — Spot 21'),
(604001,0,107,0,62,0,100,0,50006,11,0,0,0,62,1,0,0,0,0,0,8,0,0,0,0,-3350.1200,-3064.8500,33.0364,5.1267,'Teleport: Kalimdor — Spot 22'),
(604001,0,108,0,62,0,100,0,50006,12,0,0,0,62,1,0,0,0,0,0,8,0,0,0,0,-4808.3100,1040.5100,103.7690,2.9066,'Teleport: Kalimdor — Spot 23'),
(604001,0,109,0,62,0,100,0,50006,13,0,0,0,62,1,0,0,0,0,0,8,0,0,0,0,-6940.9100,-3725.7000,48.9381,3.1117,'Teleport: Kalimdor — Spot 24'),
(604001,0,110,0,62,0,100,0,50006,14,0,0,0,62,1,0,0,0,0,0,8,0,0,0,0,3117.1200,-4387.9700,91.9059,5.4990,'Teleport: Kalimdor — Spot 25'),
(604001,0,111,0,62,0,100,0,50006,15,0,0,0,62,1,0,0,0,0,0,8,0,0,0,0,3898.8000,-1283.3300,220.5190,6.2431,'Teleport: Kalimdor — Spot 26'),
(604001,0,112,0,62,0,100,0,50006,16,0,0,0,62,1,0,0,0,0,0,8,0,0,0,0,-6291.5500,-1158.6200,-258.1380,0.4571,'Teleport: Kalimdor — Spot 27'),
(604001,0,113,0,62,0,100,0,50006,17,0,0,0,62,1,0,0,0,0,0,8,0,0,0,0,-6815.2500,730.0150,40.9483,2.3907,'Teleport: Kalimdor — Spot 28'),
(604001,0,114,0,62,0,100,0,50006,18,0,0,0,62,1,0,0,0,0,0,8,0,0,0,0,6658.5700,-4553.4800,718.0190,5.1809,'Teleport: Kalimdor — Spot 29'),
(604001,0,115,0,62,0,100,0,50007,0,0,0,0,62,530,0,0,0,0,0,8,0,0,0,0,-207.3350,2035.9200,96.4640,1.5968,'Teleport: Outland — Spot 18'),
(604001,0,116,0,62,0,100,0,50007,1,0,0,0,62,530,0,0,0,0,0,8,0,0,0,0,-220.2970,5378.5800,23.3223,1.6172,'Teleport: Outland — Spot 19'),
(604001,0,117,0,62,0,100,0,50007,2,0,0,0,62,530,0,0,0,0,0,8,0,0,0,0,-2266.2300,4244.7300,1.4773,3.6843,'Teleport: Outland — Spot 20'),
(604001,0,118,0,62,0,100,0,50007,3,0,0,0,62,530,0,0,0,0,0,8,0,0,0,0,-1610.8500,7733.6200,-17.2773,1.3352,'Teleport: Outland — Spot 21'),
(604001,0,119,0,62,0,100,0,50007,4,0,0,0,62,530,0,0,0,0,0,8,0,0,0,0,2029.7500,6232.0700,133.4950,1.3039,'Teleport: Outland — Spot 22'),
(604001,0,120,0,62,0,100,0,50007,5,0,0,0,62,530,0,0,0,0,0,8,0,0,0,0,3271.2000,3811.6100,143.1530,3.4410,'Teleport: Outland — Spot 23'),
(604001,0,121,0,62,0,100,0,50007,6,0,0,0,62,530,0,0,0,0,0,8,0,0,0,0,-3681.0100,2350.7600,76.5870,4.2599,'Teleport: Outland — Spot 24'),
(604001,0,122,0,62,0,100,0,50008,0,0,0,0,62,571,0,0,0,0,0,8,0,0,0,0,2954.2400,5379.1300,60.4538,2.5554,'Teleport: Northrend — Spot 18'),
(604001,0,123,0,62,0,100,0,50008,1,0,0,0,62,571,0,0,0,0,0,8,0,0,0,0,682.8480,-3978.3000,230.1610,1.5421,'Teleport: Northrend — Spot 19'),
(604001,0,124,0,62,0,100,0,50008,2,0,0,0,62,571,0,0,0,0,0,8,0,0,0,0,2678.1700,891.8260,4.3749,0.1011,'Teleport: Northrend — Spot 20'),
(604001,0,125,0,62,0,100,0,50008,3,0,0,0,62,571,0,0,0,0,0,8,0,0,0,0,4017.3500,-3403.8500,290.0000,5.3543,'Teleport: Northrend — Spot 21'),
(604001,0,126,0,62,0,100,0,50008,4,0,0,0,62,571,0,0,0,0,0,8,0,0,0,0,5560.2300,-3211.6600,371.7090,5.5506,'Teleport: Northrend — Spot 22'),
(604001,0,127,0,62,0,100,0,50008,5,0,0,0,62,571,0,0,0,0,0,8,0,0,0,0,5614.6700,5818.8600,-69.7220,3.6081,'Teleport: Northrend — Spot 23'),
(604001,0,128,0,62,0,100,0,50008,6,0,0,0,62,571,0,0,0,0,0,8,0,0,0,0,5411.1700,-966.3700,167.0820,1.5717,'Teleport: Northrend — Spot 24'),
(604001,0,129,0,62,0,100,0,50008,7,0,0,0,62,571,0,0,0,0,0,8,0,0,0,0,6120.4600,-1013.8900,408.3900,5.1232,'Teleport: Northrend — Spot 25'),
(604001,0,130,0,62,0,100,0,50008,8,0,0,0,62,571,0,0,0,0,0,8,0,0,0,0,8323.2800,2763.5000,655.0930,2.8722,'Teleport: Northrend — Spot 26'),
(604001,0,131,0,62,0,100,0,50008,9,0,0,0,62,571,0,0,0,0,0,8,0,0,0,0,4522.2300,2828.0100,389.9750,0.2150,'Teleport: Northrend — Spot 27');
